Intersection,Postal Code,Vehicle Traffic,Pedestrian Traffic
SPADINA RD and BERNARD AVE,M5R 2T7,16540,817
LAWRENCE AVE W and SHERMOUNT AVE,M6A 1A8,9574,1020
LAWRENCE AVE E and GREENCREST CRCT,M1S 5J3,18684,624
LAWRENCE AVE E and GREENBRAE CRCT,M1S 5J3,19547,1352
JANE ST and YEWTREE BLVD,M3N 2K1,17512,990
JANE ST and GILTSPUR DR,M3L,16393,2131
MOUNT PLEASANT RD and SOUDAN AVE,M4S 2N7,16273,181
SHEPPARD AVE W and ARLETA AVE,M3L 2E2,15587,1802
EGLINTON AVE W and BICKNELL AVE,M6M 4H2,18208,1591
LESLIE ST and VAN HORNE AVE,M2J 2X7,16064,1035
KINGSTON RD and FENWOOD HTS,M1M,16128,289
SHEPPARD AVE E and PROVOST DR,M2K 2X6,22778,974
VICTORIA PARK AVE and FINCH AVE E,M1W,21304,512
BLOOR ST W and MARKLAND DR,M9C 1R5,26024,2183
BELLAMY RD N and BRIMORTON DR,M1H 1H1,11386,280
HORNER AVE and THIRTIETH ST,M8W 3C7,11683,159
GERRARD ST E and ONTARIO ST,M5A 2V7,8574,350
MCCOWAN RD and PITFIELD RD,M1S 2Y8,7438,1633
KENNEDY RD and FINCH AVE E,M1T,28954,390
DAVENPORT RD and LAUGHTON AVE,M6N 1C1,30023,1670
DAVENPORT RD and SPADINA RD,M4V 1B5,8170,1293
ST CLAIR AVE W and ARLINGTON AVE,M6C 1B5,9984,1409
KINGSTON RD and CHINE DR,M1M 2L2,9785,2626
BIRCHMOUNT RD and BONIS AVE,M1T 2V1,17421,241
KINGSTON RD and BELLAMY RD S,M1M,15129,289
BRIMLEY RD and BRIMORTON DR,M1P 3G5,26019,632
MIDLAND AVE and MIDWEST RD,M1P 3N6,13790,170
AVENUE RD and ROSELAWN AVE,M5N 2E6,14217,152
WARDEN AVE and BERTRAND AVE,M1L 4E2,21408,940
MORNINGSIDE AVE and 401 C E MORNINGSIDE AVE S RAMP,Canada,19235,393
LAWRENCE AVE W and BENNETT RD,M1E 2T7,19394,83
PHARMACY AVE and TEESDALE PL,M1L,7019,106
FINCH AVE E and WARDEN AVE,M1W,5145,711
KIPLING AVE and HUNTING RIDGE,M9R 1C2,27622,5416
WYNFORD DR and DVP S WYNFORD DR RAMP,M3B 1Z3,10865,164
STEELES AVE E and DON MILLS RD,L3T 7R5,11935,176
DON MILLS RD and MCNICOLL AVE,M2H 2C3,32248,2382
DON MILLS RD E and DEERFORD RD,M2J 3B6,19210,1364
DON MILLS RD E and GODSTONE RD,M2J 3B6,8216,1574
DON MILLS RD W and GOODVIEW RD,M2J 3B6,7659,670
DON MILLS RD W and GOODVIEW RD,M2J 3B6,9179,353
DON MILLS RD and MALLARD RD,M3B,9444,483
DON MILLS RD and CHIPPING RD,M3B 2Z4,23292,502
DON MILLS RD and LEITH HILL RD,M2J 1Z4,18691,176
DUFFERIN ST and BOWIE AVE,M6E 3X7,20633,1590
DANFORTH AVE and LINNSMORE CRES,M4J 1M8,15619,780
SHEPPARD AVE W and CHESSWOOD DR,M3K,9904,3348
LESLIE ST and CLANSMAN BLVD,M2H 1W8,20182,563
KENNEDY RD and MERRIAN RD,M1K 2B8,12763,680
PHARMACY AVE and HUNTINGWOOD DR,M1W 1E8,9064,1701
KINGSTON RD and SCARBOROUGH GOLF CLUB RD,M1M,16120,343
YORK MILLS RD and FENN AVE,M2L 1L1,26512,374
PARK LAWN RD and PARK LAWN GARDINER W RAMP,M8Y,12287,363
THE EAST MALL and NORTH QUEEN ST,M8Z,16768,232
KENNEDY RD and BERTRAND AVE,M1K 2T2,16992,222
GUILDWOOD PKWY and LIVINGSTON RD,M1E 4V2,14179,700
FINCH AVE E and BRAHMS AVE,M2H 1H2,6900,1089
BIRCHMOUNT RD and BAY MILLS BLVD,M1T 2V1,19290,885
FINCH AVE W and ROMFIELD LANE,M3J 1K3,17280,1260
BLOOR ST W and SYMINGTON AVE,M6P 4H6,9679,596
DUFFERIN ST and DUFFERIN PARK AVE,M6H 4B3,10753,1939
BATHURST ST and WELLS ST,M5R 3G6,11740,2516
RENFORTH DR and RATHBURN RD,M9C,13678,804
ALBION RD and WESTON RD ALBION RD RAMP,M9M,12986,554
DON MILLS RD and SENECA HILL DR,M2J 4X7,20352,52
KEELE ST and JUNCTION RD,M6N 3E1,19656,1287
BLOOR ST W and RESURRECTION RD,M9A 5H1,15871,333
FINCH AVE E and HEATHVIEW AVE,M2K,12936,347
ALBION RD and ARCOT BLVD,M9W,16862,176
BRIMLEY RD and PROGRESS AVE,M1P,13737,252
CHRISTIE ST and BARTON AVE,M6G,23949,110
EGLINTON AVE W and GLENHOLME AVE,M6E 2H5,6708,2037
KEELE ST and CANON JACKSON DR,Canada,10655,1239
JANE ST and HANEY AVE,M6N 4B8,10404,448
JANE ST and RITA DR,M3L 2G6,12934,421
YORK MILLS RD and UPPER HIGHLAND CRES,M2L 1K4,13425,664
YORK MILLS RD and BANBURY RD,M2L,12160,175
MIDLAND AVE and STANSBURY CRES,M1K 4H2,14817,741
MIDLAND AVE and DORCOT AVE,M1P 3J8,10276,376
ELLESMERE RD and ORTON PARK RD,M1G,13229,182
BAYVIEW AVE and TRUMAN RD,M2L 2X9,11223,170
KENNEDY RD and MUNHAM GT,M1P,27623,231
VICTORIA PARK AVE and OLD SHEPPARD AVE,M1W 1A1,21548,193
MARTIN GROVE RD and BETHRIDGE RD,M9W,16456,491
ST CLAIR AVE W and LAUGHTON AVE,M6N 1H8,13117,42
ISLINGTON AVE and BERING AVE,M8Z 4S3,9478,1265
THE QUEENSWAY and ZORRA ST,M8Z 1R6,16575,400
ADELAIDE ST W and JOHN ST,M5V 2E2,17377,300
FINCH AVE W and ALEXDON RD,M3J 3J7,10620,16007
FINCH AVE E and PHARMACY AVE,M1W,18368,178
DUFFERIN ST and SHANLY ST,M6H 4B7,21995,935
MARLEE AVE and RIDELLE AVE,M6B 3H4,12075,663
FINCH AVE W and 400 S FINCH W RAMP,M3N 2V7,10447,1894
WESTON RD and LANYARD RD,M9M,35320,31
RICHMOND ST W and PORTLAND ST,M5V 3Y1,14428,250
MIDLAND AVE and MARCOS BLVD,M1K 4C3,6624,5835
YONGE ST and NORTH YORK BLVD,M2N,11315,524
YONGE ST and ELMHURST AVE,M2N 6A8,26555,8472
YONGE ST and KEMPFORD BLVD,M2N,20571,14166
ALBION RD and THISTLE DOWN BLVD,M9V 1A4,17603,2549
DANFORTH RD and HART AVE,M1K 1G4,14391,462
THE WEST MALL and EVA RD,M9C 1E8,10444,117
EGLINTON AVE E and DVP S EGLINTON RAMP,Canada,9300,504
EGLINTON AVE E and DVP N EGLINTON RAMP,Canada,35276,588
DON MILLS RD and CLIFFWOOD RD,M2H 3G6,34213,85
SHEPPARD AVE E and MORNINGSIDE AVE,M1B,17033,828
BRIMLEY RD and SHEPPARD AVE E,M1S,20063,1274
MIDLAND AVE and HUNTINGWOOD DR,M1S 1S2,26138,1233
KENNEDY RD and HUNTINGWOOD DR,M1T,16513,210
MORNINGSIDE AVE and MILITARY TRL,M1C 5J1,26869,167
VICTORIA PARK AVE and MORECAMBE GT,M2H 2W3,20086,1845
BLOOR ST W and MARKLAND DR,M9C 1R5,12138,573
STEELES AVE W and HILDA AVE,L4J 5R4,13528,375
KINGSTON RD and RIDGEMOOR AVE,M1N 1T8,31286,1322
DUNDAS ST E and MUNRO ST,M4M 1R2,19226,799
BAYVIEW AVE and MCKEE AVE,M2K 1G1,9504,764
VICTORIA PARK AVE and PATRICK BLVD,M1T 1A5,19544,297
LESLIE ST and MAROWYNE DR,M2J,18291,774
EGLINTON AVE W and VESTA DR,M5N 1C8,15715,380
KENNEDY RD and CORVETTE AVE,M1K 2B8,14444,1220
LAWRENCE AVE W and DUFFLAW RD,M6A 1C3,8652,447
BERMONDSEY RD and BARTLEY DR,M4A 1X3,16614,710
EGLINTON AVE E and DONLEA DR,M4G 2K3,11486,129
WESTON RD and ERNEST DOCKRAY AVE,M6M 4R7,19076,252
JANE ST and CLAIR RD,M3L 1S5,7467,412
SHEPPARD AVE W and RIVALDA RD,M9M 1M2,16322,1520
BATHURST ST and LAURELCREST AVE,M3H 5V3,13949,330
WILSON AVE and WENDELL AVE,M9M 1A2,16394,530
VICTORIA PARK AVE and DAWES RD,M4B 2K3,15883,457
MARTIN GROVE RD and JOHN GARLAND BLVD,M9V,13423,565
MARTIN GROVE RD and 409 E MARTIN GROVE RAMP,M9B 4M1,12545,1604
MARTIN GROVE RD and 409 W MARTIN GROVE RAMP,M9B 4M1,15019,16
ROYAL YORK RD and RENAULT CRES,M9P 3V8,13660,13
WILLOWDALE AVE and EMPRESS AVE,M2N 4Z8,11858,1078
DUFFERIN ST and JANE OSLER BLVD,M6A 3A4,9891,225
FINCH AVE E and BIRCHMOUNT RD,M1V,23906,727
ROYAL YORK RD and TREHORNE DR,M9P 3B5,22979,1693
WILSON HEIGHTS BLVD and REINER RD,M3H 2V4,10962,606
SHEPPARD AVE E and LAPSLEY RD,M1B 1H3,19247,501
STEELES AVE E and VICTORIA PARK AVE,L3R 1G9,11802,808
COLLEGE ST and EUCLID AVE,M6G 1A6,37189,701
FINCH AVE E and CHEROKEE BLVD,M2H 2K2,8941,4410
HARBORD ST and HURON ST,M5S 1A5,20707,694
SPADINA AVE and ST ANDREW ST,M5T 1J5,8554,5206
BAYVIEW AVE and BAYVIEW MEWS LANE,M2N 5Z7,8810,2635
ISLINGTON AVE and FORDWICH CRES,M9W 3X9,23558,620
WESTON RD and FENMAR DR,M9L,11624,282
KINGSTON RD and OLD KINGSTON RD,M1C 1K5,12810,42
YONGE ST and BISHOP AVE,M2M,17751,236
KING ST W and BLUE JAYS WAY,M5V 1J6,24802,2603
COLLEGE ST and BROCK AVE,M6H 1C1,9780,18756
COLLEGE ST and BORDEN ST,M5T 2N9,12364,2631
STEELES AVE W and NORFINCH DR,L4K,9614,3907
ALBION RD and SILVERSTONE DR,M9V 3K8,24513,218
LAWRENCE AVE W and ALLEN X S LAWRENCE E RAMP,Canada,12828,312
LAWRENCE AVE W and ALLEN X N LAWRENCE RAMP,Canada,25170,6481
HIGHWAY 27 and CARRIER DR,M9W,22596,2759
HIGHWAY 27 and BELFIELD RD,M9W,16961,132
HIGHWAY 27 and REXDALE BLVD,M9W,26115,18
HIGHWAY 27 and HUMBER COLLEGE BLVD,M9V,23934,216
HIGHWAY 27 and FINCH AVE W,M9W 0B3,31536,1706
HIGHWAY 27 and ALBION RD,M9V,28436,318
BIRCHMOUNT RD and TIMBERBANK BLVD,M1T 2Z7,26181,162
LAWRENCE AVE E and COLLINSGROVE RD,M1E 2S5,12495,213
BIRCHMOUNT RD and L AMOREAUX DR,M1W 2S4,11358,728
BATHURST ST and CODSELL AVE,M3H 3V5,13557,634
SHEPPARD AVE W and BEECROFT RD,M2N,18845,224
BRIMLEY RD and HUNTINGWOOD DR,M1S 2W1,21536,1356
BRIMLEY RD and TRITON RD,M1P,22022,1042
JANE ST and EDDYSTONE AVE,M3N 2H7,17772,60
KEELE ST and TORO RD,M3J 2A4,15750,642
KIPLING AVE and TABER RD,M9W 4K8,11983,513
MCCOWAN RD and CHANNEL NINE CRT,M1S,9276,697
FINCH AVE E and MCCOWAN RD,M1V,33357,743
FINCH AVE E and SANDHURST CRCL,M1S 4K4,20529,3724
FINCH AVE E and BRIMLEY RD,M1V,15835,2056
FINCH AVE E and ALEXMUIR BLVD,M1V,21864,570
FINCH AVE E and MIDLAND AVE,M1S,16079,244
FINCH AVE E and GORDON BAKER RD,M2H,24535,1891
FINCH AVE E and 404 S FINCH RAMP,M2M 4L9,28085,136
FINCH AVE E and AU LARGE BLVD,Canada,26267,155
MORNINGSIDE AVE and CORONATION DR,M1E 2H9,27994,9709
STEELES AVE E and TOWNSEND RD,L3T,7032,296
FINCH AVE E and BRIDLETOWNE CRCL,M1W,25166,618
PHARMACY AVE and BRIAN AVE,M1R 2H5,19531,920
KINGSTON RD and MANSE RD,M1E 3V8,9199,689
KINGSTON RD and BEECHGROVE DR,M1E,18991,258
STEELES AVE E and PHARMACY AVE,L3R 9Z7,18824,534
STEELES AVE E and WARDEN AVE,L3R 3G5,50332,884
STEELES AVE E and KENNEDY RD,L3R 4K9,41078,2125
KINGSTON RD and CELESTE DR,M1E,36162,3170
BATHURST ST and BAINBRIDGE AVE,M3H 2J7,20605,246
ELLESMERE RD and MILITARY TRL,M1C,17288,485
DUFFERIN ST and DOLOMITE DR,M3H 5V9,9644,2498
DUFFERIN ST and MARTIN ROSS AVE,M3H 5S4,21972,318
ISLINGTON AVE and MILADY RD,M9L,33369,278
ISLINGTON AVE and MILLWICK DR,M9L 1K8,12616,191
SHEPPARD AVE E and DORIS AVE,M2N 5W9,15248,244
KINGSTON RD and PORT UNION RD,M1B,22020,5683
KINGSTON RD and 401 C E 2A W RAMP,Canada,24307,245
MARKHAM RD and MILNER AVE,M1B,12030,62
ISLINGTON AVE and DUNCANWOODS DR,M9L 2E7,27266,398
FINCH AVE E and KENNETH AVE,M2N,12551,255
FINCH AVE W and TALBOT RD,M2N,17182,1914
CARLINGVIEW DR and DISCO RD,M9W,16970,933
STEELES AVE W and ISLINGTON AVE,M9L 2V1,8605,24
STEELES AVE W and FENMAR DR,M9L,25650,327
KIPLING AVE and GREENSBORO DR,M9W,29911,207
KIPLING AVE and BETHRIDGE RD,M9W,12519,67
MARTIN GROVE RD and RACINE RD,M9W 4X5,15334,267
JANE ST and DRIFTWOOD AVE,M3N 2K7,11430,42
STEELES AVE W and FOUNDERS RD,M3J,17278,2030
KEELE ST and ST REGIS CRES,M3J 3H6,22202,233
SHEPPARD AVE W and TUSCAN GT,Canada,15665,1382
WARDEN AVE and BRIDLETOWNE CRCL,M1W 2K1,15542,47
FINCH AVE E and BRIDLETOWNE CRCL,M1W,16559,399
PORT UNION RD and ISLAND RD,M1C,17950,717
SHEPPARD AVE E and MEADOWVALE RD,M1B,16226,35
FINCH AVE W and VIRGILWOOD DR,M2R 1N5,13970,977
NEILSON RD and SHEPPARD AVE E,M1B,16149,1352
FINCH AVE W and PEARLDALE AVE,M9M,20370,573
FINCH AVE W and JOHN GARLAND BLVD,M9V 4H1,20464,964
KING ST W and PORTLAND ST,M5V 1M1,13898,1047
WESTON RD and ORMONT DR,M9L 2S8,9793,14142
WESTON RD and STARVIEW LANE,M9M 2T1,11106,372
FAIRVIEW MALL DR and GODSTONE RD,M2J 3C4,19958,562
STEELES AVE W and TORRESDALE AVE,M2R 3K1,8962,1980
STEELES AVE W and HIDDEN TRL,M2R 3V1,22189,407
STEELES AVE W and ALNESS ST,L4K 1E8,23916,600
STEELES AVE W and SIGNET DR,L4L,17170,159
LESLIE ST and RAVEL RD,M2H 1S9,19719,736
DUFFERIN ST and OVERBROOK PL,M3H 2W1,10557,166
SIGNET DR and FENMAR DR,M9L 3A1,27132,411
WILSON AVE and GARRATT BLVD,M3K 1E5,9875,57
WILSON AVE and TRANSIT RD,M3K,16482,820
BLOOR ST W and PALMERSTON AVE,M6G 1K5,22487,761
MARKHAM RD and MCLEVIN AVE,M1B,8424,4560
PHARMACY AVE and HUNTINGDALE BLVD,M1W 2M7,25209,631
PHARMACY AVE and MCNICOLL AVE,M1W 2X1,13279,806
MIDLAND AVE and PITFIELD RD,M1S 1P8,17399,193
MCCOWAN RD and HUNTINGWOOD DR,M1S,13358,169
MCCOWAN RD and NUGGET AVE,M1S,22286,143
SHEPPARD AVE E and WILFRED AVE,M2N,25052,496
HIGHWAY 27 and QUEENS PLATE DR,M9W,20617,329
SHEPPARD AVE W and OAKDALE RD,M3N,22584,713
SHEPPARD AVE W and MIN AVE,M3L 1P8,18468,366
SHEPPARD AVE E and SETTLERS RD,M2J,12300,338
DIXON RD and 427 N DIXON RAMP,Canada,19805,1215
VICTORIA PARK AVE and CLYDESDALE DR,M2J 4A7,16895,102
VICTORIA PARK AVE and GORDON BAKER RD,M2H 3H7,15182,284
FINCH AVE W and CHESSWOOD DR,M3J,15742,237
KIPLING AVE and MOUNT OLIVE DR,M9V,18266,201
KEELE ST and WHITBURN CRES,M3M 2H3,11375,2165
STEELES AVE W and KIPLING AVE,M9V,18559,370
FINCH AVE E and MARKHAM RD,M1B,22401,1133
FINCH AVE E and TAPSCOTT RD,M1B,33428,1015
YONGE ST and LORD SEATON W YONGE RAMP,M2P,16875,506
STEELES AVE E and MIDLAND AVE,M1V 4S7,25567,54
STEELES AVE E and HWY 404 SB OFF RAMP,Canada,21533,1735
STEELES AVE E and HWY 404 NB OFF RAMP,Canada,36241,49
WARDEN AVE and BRIDLETOWNE CRCL,M1W 2K1,56432,626
STEELES AVE E and SILVER STAR BLVD,M1V,16630,1286
EASTERN AVE and KNOX AVE,M7Y 2T2,26409,3283
ADELAIDE ST W and DUNCAN ST,M5V 0H5,8061,250
DANFORTH AVE and WESTLAKE AVE,M4C 1K7,9502,3714
BIRCHMOUNT RD and LAURA SECORD WALK,M1P 2G4,11931,1366
BLOOR ST W and MANNING AVE,M6G 1L1,16383,136
BLOOR ST W and HAVELOCK ST,M6H 1M3,8630,6120
DUFFERIN ST and HUNTER AVE,M6E 3S5,11442,1164
DUFFERIN ST and BRANDON AVE,M6H 4C7,13213,112
DUNDAS ST W and HURON ST,M5T 1G6,12661,586
DUNDAS ST W and GRACE ST,M6J 1W4,7630,9393
DUNDAS ST W and SHAW ST,M6J 2W9,9436,1682
ALBION RD and WESTMORE DR,M9V 1C2,9477,1839
PROGRESS AVE and BELLAMY RD N,M1H,14691,238
EGLINTON AVE W and LLOYD MANOR RD,M9B 6H6,14928,163
MIDLAND AVE and VERDUN AVE,M1K 4E3,20137,554
CONSUMERS RD and YORKLAND BLVD,M2J 4V6,6306,467
DANFORTH AVE and EAST LYNN AVE,M4C 3X5,9725,580
BRIMLEY RD and DORCOT AVE,M1P 3L1,10799,3094
ST CLAIR AVE E and LINDEN AVE,M1K 1M2,12594,156
LAWRENCE AVE E and HOWDEN RD,M1R 3A6,10502,196
WARDEN AVE and FAIRFAX CRES,M1L 4A1,22092,928
WARDEN AVE and WAYNE AVE,M1R 1Y2,13550,1465
WARDEN AVE and MCNICOLL AVE,M1W 3H9,16237,195
LAWRENCE AVE E and MOSSBANK DR,M1G 2B8,24583,817
STEELES AVE W and WESTON RD,M9L 2X1,13750,838
YONGE ST and WOODLAWN AVE,M4T 1W5,18994,154
YONGE ST and HEATH ST,M4T,14101,1573
YONGE ST and MERTON ST,M4S 1X8,17192,9239
EGLINTON AVE E and BEACHELL ST,M1J 2H2,16106,707
PHARMACY AVE and DENTON AVE,M1L 3E4,13379,1227
PHARMACY AVE and ASHTONBEE RD,M1L 3K9,5109,833
SHEPPARD AVE W and JOHN DRURY DR,M3K,11794,799
YORK MILLS RD and HARRISON RD,Canada,12836,315
YORK MILLS RD and SANDFIELD RD,M2L 1W4,13537,167
LESLIE ST and DEXTER BLVD,M2H 1Z4,13444,456
BURNHAMTHORPE RD and MILL RD,M9C,11869,555
CALEDONIA RD and GLENCAIRN AVE,M6B 2B5,22625,629
CALEDONIA RD and ORFUS RD,M6A 2X3,11131,592
COLLEGE ST and CRAWFORD ST,M6G 1C2,9072,309
DAVENPORT RD and SYMINGTON AVE,M6N 1B7,8708,3172
DUNDAS ST W and RONCESVALLES AVE,M6R 1X5,9648,898
DUNDAS ST W and ROYALAVON CRES,M9A 5G6,8966,2818
EGLINTON AVE W and WILLIAM R ALLEN RD N,M6C 3Z4,12467,1145
EGLINTON AVE W and LASCELLES BLVD,M4R 1A8,26378,1000
EGLINTON AVE W and EDEN VALLEY DR,M9P 3R3,14011,2345
EVANS AVE and GAIR DR,M8W 2W4,19243,639
HARBORD ST and PALMERSTON BLVD,M6G 2N9,11843,251
ISLINGTON AVE and BIRMINGHAM ST,M8V 2C5,8469,986
ISLINGTON AVE and NEW TORONTO ST,M8V,6801,359
ISLINGTON AVE and JUDSON ST,M8Z,8332,118
ISLINGTON AVE and POPLAR HEIGHTS DR,M9A 5A2,10698,89
JANE ST and ARDAGH ST,M6S 1Z3,16131,106
JANE ST and BALA AVE,M6M 2E2,10251,629
JANE ST and HARDING AVE,M9N 2R8,13368,847
KEELE ST and RUSTIC RD,M6L 2P2,15874,825
KING ST W and JOHN ST,M5V 1J2,22227,316
KIPLING AVE and BLOOR ST W,M9B,10325,25059
KIPLING AVE and NEW TORONTO ST,M8V 2E8,19184,104
KIPLING AVE and OLIVEWOOD RD,M8Z,10857,641
LAKE SHORE BLVD W and FIFTH ST,M8V 1J2,19812,237
LAKE SHORE BLVD W and ISLINGTON AVE,M8V 1J4,8224,1948
LAWRENCE AVE W and BRUCEWOOD CRES,M6A 3C9,16130,1950
NORTH QUEEN ST and SHORNCLIFFE RD,M8Z 2C9,17809,886
OLD WESTON RD and TURNBERRY AVE,M6N 1P8,11356,29
QUEEN ST W and DUFFERIN ST,M6K 1L3,9529,472
QUEEN ST W and DUNN AVE,M6K 1L9,14622,6472
QUEEN ST W and GLADSTONE AVE,M6J 1J6,7262,2643
QUEEN ST W and STRACHAN AVE,M6J 1G7,10496,1546
SHEPPARD AVE E and ARAGON AVE,M1T 3K4,9898,1979
ROYAL YORK RD and EVANS AVE,M8Y 2R9,15650,787
SPADINA AVE and SULLIVAN ST,M5T,11045,472
ST CLAIR AVE W and WELLS HILL AVE,M5R,9635,5444
THE EAST MALL and 427 X N CLOVERDALE RAMP,M9B 3Y8,12266,2887
THE QUEENSWAY and CANMOTOR AVE,M8Z 1P1,11223,312
NEILSON RD and MCLEVIN AVE,M1B 6J2,17507,300
THE WEST MALL and WEST MALL CRES,M9C,13328,1424
WESTON RD and WILBY CRES,M9N 1V5,12497,583
WILSON AVE and DALLNER RD,M3L 1A6,10637,1083
WYNFORD DR and GERVAIS DR,M3C 3S2,15005,2108
LAKE SHORE BLVD W and BRITISH COLUMBIA RD,M6K,10255,717
LAKE SHORE BLVD W and NEWFOUNDLAND RD,M6K 3C3,27594,20
YORKDALE RD and YORKDALE 401 ALLEN N RAMP,M6A 2T9,22009,120
YORKDALE 401 ALLEN N RAMP and ALLEN X N 401 C E RAMP,M6A 2T9,10623,1642
BLACK CREEK DR and LAWRENCE AVE W,M6L,9517,510
RENFORTH DR and ERINGATE DR,M9C,35356,37
DUNDAS ST W and AUKLAND RD,M9B,9539,1156
COLLEGE ST and ELIZABETH ST,M5G 2E2,23209,1458
PROGRESS AVE and CONSILIUM PL,M1H,11252,11459
DON MILLS RD and MOATFIELD DR,M3B,12664,1042
DIXON RD and GOLFWOOD HTS,M9P 3L6,22021,255
COXWELL AVE and HANSON ST,M4C 3B6,12460,152
MCCOWAN RD and BUSHBY DR,M1P,8094,1662
BIRCHMOUNT RD and ALLANFORD RD,M1T 1W6,22382,1082
GERRARD ST W and ELIZABETH ST,M5G 2A7,14850,113
KIPLING AVE and WIDDICOMBE HILL,M9R 1Y3,9443,7916
DAWES RD and CRESCENT TOWN RD,M4C,10353,270
NEILSON RD and 401 C W NEILSON RD RAMP,Canada,7911,87
NEILSON RD and 401 C E NEILSON RD RAMP,Canada,16571,12
STEELES AVE E and BIRCHMOUNT RD,L3R 3N9,16203,12
STEELES AVE E and BLUFFWOOD DR,M2H 3M4,27991,574
MOUNT PLEASANT RD and BELSIZE DR,M4S 2M6,20504,106
DUNDAS ST W and WINDERMERE AVE,M6S 2S4,18740,1708
ALBION RD and CARRIER DR,M9W,12360,630
ALBION RD and HUMBERLINE DR,M9W,13913,163
ROYAL YORK RD and STRATH HUMBER CRT,M9A 4C8,14947,204
WILSON AVE and JETHRO RD,M3L 1A9,13594,413
MCCOWAN RD and SANDHURST CRCL,M1V 1T8,16976,141
KINGSTON RD and POPLAR RD,M1E,15557,1466
PROGRESS AVE and BOROUGH DR,M1P,20850,731
YONGE ST and SOUDAN AVE,M4S 3A6,12214,123
SPADINA RD and HEATH ST W,M5P 1N7,16322,6264
WARDEN AVE and ASHTONBEE RD,M1L 4N4,10258,326
EGLINTON AVE E and DUNFIELD AVE,M4P 1A6,23270,983
BAYVIEW AVE and POTTERY RD,M4G,11926,5782
FINCH AVE E and SANDHURST CRCL,M1S 4K4,19794,7
YONGE ST and ATHABASKA AVE,M2M 3X4,12405,332
NEILSON RD and SEWELLS RD,M1B,23927,1562
STEELES AVE W and PETROLIA RD,L4K,14777,986
YORK MILLS RD and SANDOVER DR,M3A 1Y3,27549,484
PROGRESS AVE and CORPORATE DR,M1H,14623,335
EGLINTON AVE E and CREDIT UNION DR,M4A,14428,294
KINGSTON RD and 401 C W KINGSTON RD RAMP,Canada,32617,431
QUEEN ST E and KINGSTON RD,M4L 1G5,16170,78
DON MILLS RD and GATEWAY BLVD,M3C,14502,2736
GERRARD ST E and SUMACH ST,M5A 2H4,19553,998
SHERBOURNE ST and ISABELLA ST,M4X 1L2,9183,1071
LOWER JARVIS ST and THE ESPLANADE,M5E 1C2,8911,2450
QUEEN ST E and GREENWOOD AVE,M4L 1C7,12239,5396
MORNINGSIDE AVE and BEATH ST,M1E 3G3,9716,1812
PARK LAWN RD and BERRY RD,M8Y 1W5,10698,396
KENNEDY RD and PASSMORE AVE,M1V,6703,529
MARKHAM RD and EASTPARK BLVD,M1H 2A2,20817,496
MCCOWAN RD and SANDHURST CRCL,M1V 1T8,14177,493
BATHURST ST and GREENWIN VILLAGE RD,M2R 2A5,16272,544
STEELES AVE W and YONGE ST,M2M 3Y2,18326,1194
BLOOR ST W and HURON ST,M5S 2R7,22646,1273
BLOOR ST W and ABERFOYLE CRES,M8X,10170,7851
WESTON RD and GUNNS RD,M6N 5H4,16416,858
ST CLAIR AVE W and GUNNS RD,M6N 5B9,15021,136
SPADINA RD and LOWTHER AVE,M5R 2P1,13948,974
WILLIAM R ALLEN RD and TRANSIT RD,M3H 2V5,9361,2782
WILLIAM R ALLEN RD and SHEPPARD AVE W,M3K,32825,0
LAKE SHORE BLVD W and REES ST,M5V,43882,1287
JANE ST and BEVERLY HILLS DR,M3M 1A2,22733,1895
YONGE ST and BELSIZE DR,M4S 1Z7,20524,1275
PHARMACY AVE and INNISWOOD DR,M1R 2G8,13039,1374
RENFORTH DR and CONVAIR DR,M9W,9940,324
BIRCHMOUNT RD and MCNICOLL AVE,M1W 3A1,21403,116
STEELES AVE W and BLACK HAWKWAY,L4J,17510,94
YONGE ST and EGLINTON AVE W,M4P 3C8,23038,709
YONGE ST and GLOUCESTER ST,M4Y 1Z5,10474,3552
FRONT ST W and JOHN ST,M5V 3J4,5517,9848
JANE ST and BLACK CR N JANE ST RAMP,Canada,9921,13919
MARKHAM RD and GREENBRAE CRCT,Canada,22056,53
BLACK CREEK DR and TRETHEWEY DR,M6M,15423,643
BLACK CREEK DR and TODD BAYLIS BLVD,M6M,28035,113
BLACK CREEK DR and EGLINTON AVE W,M6M,20502,288
NEILSON RD and MILITARY TRL,M1E 4Z3,27273,352
ALBION RD and ARMEL CRT,M9W 3P1,10570,284
QUEEN ST W and BROCK AVE,M6K 1L4,18787,572
COLLEGE ST and CLINTON ST,M6G 1B3,8149,2065
SHEPPARD AVE W and SENTINEL RD,M3M 3J8,7251,3612
ANNETTE ST and CLENDENAN AVE,M6P 1R1,14646,658
PHARMACY AVE and GORDON BAKER RD,M1W,9181,2042
KIPLING AVE and JOHN GARLAND BLVD,M9V 1M9,13107,490
FINCH AVE E and MIDDLEFIELD RD,M1S,8821,258
BRIMLEY RD and ALEXMUIR BLVD,M1V 1B7,19443,458
PORT UNION RD and FANFARE AVE,M1C,14101,334
WESTON RD and NORTHLAND AVE,M6N 4Z9,11914,310
SHEPPARD AVE E and SHORTING RD,M1S 3V8,16934,446
SHEPPARD AVE E and GLEN WATFORD DR,M1S 2B7,12529,659
LAWRENCE AVE W and BOLINGBROKE RD,M6A 1B8,15262,459
BLACK CREEK DR and PHOTOGRAPHY DR,M6M,14517,747
ROYAL YORK RD and LA ROSE AVE,M9P 3A7,15782,280
CARLINGVIEW DR and INTERNATIONAL BLVD,M9W,13105,814
LOWER SHERBOURNE ST and THE ESPLANADE,M5A,4726,16
LAWRENCE AVE W and DUVAL DR,M6L,6830,2825
LAWRENCE AVE E and BROCKLEY DR,M1P 2S2,19325,1220
SHEPPARD AVE E and KENNEDY RD,M1S,19480,845
MOUNT PLEASANT RD and ERSKINE AVE,M4P 1Z1,14814,654
VICTORIA PARK AVE and DENTON AVE,M4C 1T8,14423,774
DUFFERIN ST and LIBERTY ST,M6K 1Z5,9991,1780
KEELE ST and MURRAY ROSS PKWY,M3J,6472,388
YORKDALE RD and 401 W ALLEN YORKDALE RAMP,M6A,20535,148
LAWRENCE AVE E and CENTENNIAL RD,M1C 1R5,17906,44
SHEPPARD AVE E and PARKWAY FOREST DR,M2J 0A4,7620,166
FINCH AVE E and SKYMARK DR,M2J 4X8,27870,1480
WYNFORD DR and CONCORDE PL,M3C,18583,768
LAKE SHORE BLVD W and COLBORNE LODGE DR,M6S,10717,723
BAY ST and ST JOSEPH ST,M5S 3A6,37223,56
SHERBOURNE ST and HOWARD ST,M4X 1L4,10757,6083
FINCH AVE W and WESTMORE DR,M9V 3Z6,8808,2765
QUEEN ST W and YONGE ST,M5C,13622,461
QUEEN ST W and JOHN ST,M5V 2Z5,7394,5027
WYNFORD DR and EGLINTON E ST DENNIS RAMP,Canada,9183,24081
WYNFORD DR and EGLINTON W WYNFORD DR RAMP,M3C 1V4,10572,366
EGLINTON AVE E and ST DENNIS EGLINTON E RAMP,Canada,10044,205
PHARMACY AVE and PINEMEADOW BLVD,M1W 1H9,30654,13
ROYAL YORK RD and NORSEMAN ST,M8Y 2T3,11486,724
STEELES AVE W and CACTUS AVE,M2M 3Y1,11662,549
LAWRENCE AVE E and FORTUNE GT,M1G 1X7,21076,1237
WARDEN AVE and TOWER DR,M1R 2R6,16769,260
ROGERS RD and OLD WESTON RD,M6M 1B2,19205,240
OLD KINGSTON RD and MILITARY TRL,M1C,12624,1239
JANE ST and WILLIAM CRAGG DR,M3M 1A4,6116,39
SHEPPARD AVE E and BRECKON GT,M1B 2B8,18389,1040
NEILSON RD and BERNER TRL,M1B,9751,292
DANFORTH AVE and WOODINGTON AVE,M4C 1H6,15384,266
YORKDALE RD and DUFFERIN ST,M6A,10390,3336
WILSON AVE and ALLINGHAM GDNS,M3H 1S9,14052,0
BAY ST and HAGERMAN ST,M5G,19315,389
BLOOR ST W and DURIE ST,M6S 1N9,9560,1864
CHURCH ST and ALEXANDER ST,M4Y 1B7,11171,3690
EGLINTON AVE W and COMMERCE BLVD,L4W 5A6,8532,5265
QUEENS PARK CRES W and HOSKIN AVE,M5S,16274,185
EGLINTON AVE W and EXPLORER DR,M9C,12836,4643
EGLINTON AVE W and CENTENNIAL PARK BLVD,M9C,14580,40
MCCOWAN RD and TRITON RD,M1H,17983,128
STEELES AVE W and MARTIN GROVE RD,L4L 1A5,19540,233
STEELES AVE W and 400 S STEELES AVE W RAMP,L4J 6X3,23808,719
ADELAIDE ST W and PORTLAND ST,M5V 1T1,21412,75
WELLINGTON ST W and JOHN ST,M5V 0C4,7345,2694
WARDEN AVE and BAMBURGH CRCL,M1W 3X9,10712,12944
STEELES AVE E and BRIMLEY RD,M1V,17881,1166
STEELES AVE E and MCCOWAN RD,M1V,19874,869
MCCOWAN RD and MCNICOLL AVE,M1V 3E4,26842,1919
MIDLAND AVE and SILVER STAR BLVD,M1V 4W7,23517,612
YORK MILLS RD and DVP S YORK MILLS W RAMP,Canada,13993,798
FINCH AVE W and HUMBER COLLEGE BLVD,M9W,18874,30
AVENUE RD and COLLEGE VIEW AVE,M5P 2K7,17959,933
COXWELL AVE and GLEBEHOLME BLVD,M4C 3C7,11207,650
MEADOWVALE RD and DEAN PARK RD,M1B 2K6,7344,1787
ISLINGTON AVE and BEAUMONDE HEIGHTS DR,M9V 1V9,9227,391
CONSILIUM PL and CORPORATE DR,M1H,12840,212
CORPORATE DR and CORPORATE DR 401 C E RAMP,Canada,9144,298
STEELES AVE E and KELVIN GROVE AVE,L3R,7685,222
BIRCHMOUNT RD and SANWOOD BLVD,M1V 3M8,24852,337
KING ST W and DUNN AVE,M6K 3C8,11409,353
FINCH AVE W and HUMBERLINE DR,M9W 0A6,9339,2582
MCCOWAN RD and COMMANDER BLVD,M1S 3T2,20162,280
DAVENPORT RD and OSLER ST,M6N 1C8,19373,154
DANFORTH RD and WINTER AVE,M1K 1J2,7965,811
BRIMLEY RD and MCNICOLL AVE,M1V 1Z1,10219,260
STEELES AVE W and PETER KAISER GT,L4K 2Y2,20273,191
FENMAR DR and ORMONT DR,M9L 2V4,22568,436
CHESSWOOD DR and STEEPROCK DR,M3J 2R8,8958,64
FAIRVIEW MALL DR and FAIRVIEW MALL DR,M2J 5A7,10601,211
FAIRVIEW MALL DR and FAIRVIEW MALL 404 S RAMP,M2J 5A7,4746,147
BLOOR ST W and AUKLAND RD,M9B 1L3,17893,6
SHEPPARD AVE E and BUCHAN CRT,M2J,14144,446
SHUTER ST and VICTORIA ST,M5B 1W8,17181,287
MARTIN GROVE RD and SILVERSTONE DR,M9V 3J3,8842,6779
PHARMACY AVE and COLLINGSBROOK BLVD,M1W 1B2,10308,536
BRIMLEY RD and CHARTLAND BLVD S,M1S 2S3,10266,889
HARBORD ST and MANNING AVE,M6G 1G4,12694,262
SHEPPARD AVE W and KODIAK CRES,M3J,8675,2699
SIGNET DR and ORMONT DR,M9L 1V3,19689,163
THE WEST MALL and CIVIC CENTRE CRT,M9C 2Y2,6517,162
PROGRESS AVE and 401 C E PROGRESS AV RAMP,Canada,7780,338
DANFORTH RD and TRUDELLE ST,M1J 1E8,12688,115
OAKWOOD AVE and JESMOND AVE,M6E 2W4,12526,400
AVENUE RD and MELROSE AVE,M5M 3Z3,8685,796
VICTORIA PARK AVE and TEMPO AVE,M2H 3B2,22737,1380
KINGSTON RD and RYLANDER BLVD,M1B 1G9,14126,505
ATTWELL DR and BELFIELD RD,M9W,17188,69
DUFFERIN ST and SUPERTEST RD,M3H 5S9,6967,31
WILMINGTON AVE and OVERBROOK PL,M3H 5J9,21777,227
MARTIN GROVE RD and GARFELLA DR,M9V 3T1,8680,1028
MORNINGSIDE AVE and CASEBRIDGE CRT,M1B,10582,650
BATHURST ST and BRIDGMAN AVE,M5R,13384,318
NEILSON RD and KEELER BLVD,M1E 4E9,12800,591
MCCOWAN RD and ALTON TOWERS CRCL,M1V 5A1,10813,176
MIDLAND AVE and MCNICOLL AVE,M1V 0B3,13492,1060
LAKE SHORE BLVD E and YONGE ST,M5E,20964,703
STEELES AVE W and BARMAC DR,M9L 2W2,15223,3796
SHEPPARD AVE E and SCUNTHORPE RD,M1S 4N3,19967,331
DUFFERIN ST and BRIAR HILL AVE,M6B 3R5,12958,615
KEELE ST and THE POND RD,M3J,16505,555
MORNINGSIDE AVE and 401 C W MORNINGSIDE AVE N RAMP,Canada,11596,11
STEELES AVE E and STRAWBERRY HILLS DR,M1V 3X9,16724,93
KEELE ST and DIANA DR,M3M 2W3,16992,338
DUNDAS ST W and ANNETTE ST,M6P 1X9,18408,247
BIRCHMOUNT RD and FUNDY BAY BLVD,M1V 2M7,13673,847
BRIMLEY RD and PITFIELD RD,M1S 1Y7,11276,128
KIPLING AVE and KIDRON VALLEY DR,M9V,14591,301
MARTIN GROVE RD and CABERNET CRCL,M9V,6051,1363
STEELES AVE E and MIDDLEFIELD RD,M1V 5E2,6737,308
MCLEVIN AVE and TAPSCOTT RD,M1B,22421,1037
STEELES AVE E and CONACHER DR,L3T 1A6,11514,508
CUMMER AVE and MAXOME AVE,M2M 4G5,20175,397
MILLWICK DR and MILVAN DR,M9L 1Y3,8847,285
LAKE SHORE BLVD E and CHERRY ST,M5A 1B6,7639,66
MARKHAM RD and MCNICOLL AVE,M1X 0B6,11607,256
YONGE ST and MILL ST,M5A,27396,188
EGLINTON AVE E and CEDAR DR,M1J 2H6,21319,365
EGLINTON AVE W and GABIAN WAY,M6M,11823,1302
STEELES AVE W and CARPENTER RD,Canada,14067,1723
MIDLAND AVE and COPTHORNE AVE,M1V,19528,3356
FINCH AVE E and MILLIKEN BLVD,M1S 4E7,13379,367
BRIMLEY RD and WENLOCK GT,M1V 1Y2,18980,424
SHEPPARD AVE E and MALVERN ST,M1B,10817,135
ELLESMERE RD and CONLINS RD,M1C,21065,1337
FINCH AVE W and KIPLING AVE,M9V,8083,549
JANE ST and PRITCHARD AVE,M6N 4A6,22468,5000
MCCOWAN RD and ALTON TOWERS CRCL,M1V 5A1,12246,729
KINGSTON RD and LAWSON RD,M1C 1K5,14230,726
LAWRENCE AVE E and PORT UNION RD,M1C 5B7,7477,122
WELLESLEY ST E and ONTARIO ST,M4X 1G8,8095,519
KENNEDY RD and BONIS AVE,M1T,7234,3393
CARLINGVIEW DR and FASKEN DR,M9W 1K1,21580,863
STEELES AVE E and ASHCOTT ST,M1V,8331,62
SPADINA AVE and BREMNER BLVD,M5V 3V4,18519,292
FRONT ST W and BLUE JAYS WAY,M5V 3B7,22600,8056
VICTORIA PARK AVE and SUNRISE AVE,M4A 2L9,15189,17689
MIDDLEFIELD RD and MCNICOLL AVE,M1V 2V4,12250,706
STEELES AVE E and MARKHAM RD,M1X,16707,122
MORNINGSIDE AVE and MILNER AVE,M1B,29314,622
VICTORIA PARK AVE and ARNCLIFFE CRES,M1R 1P7,24953,552
KENNEDY RD and MCNICOLL AVE,M1V 5E9,15720,485
FINCH AVE E and NEILSON RD,M1B 5Y6,30650,1884
YONGE ST and QUEENS QUAY,M5E 1R4,11247,211
QUEEN ST W and PETER ST,M5V 2A4,9669,1160
FINCH AVE W and ELANA DR,M3N 2C1,8832,11307
BLOOR ST W and MONTGOMERY RD,M8X 1C8,25268,2540
KENNEDY RD and SUFFERANCE RD,M5T 2E2,15344,852
QUEENS QUAY W and BATHURST ST,M5V 2N8,29744,326
BATHURST ST and ULSTER ST,M5S 2R2,7829,1701
OAK ST and KNOB HILL DR,M9N,10369,1931
ROGERS RD and NAIRN AVE,M6E 4H7,10787,240
FINCH AVE E and FINCHDENE SQ,M1B 5J9,8419,780
FINCH AVE E and ADIRONDACK GT,M1V 1J7,9968,67
BRIMLEY RD and DEERFIELD RD,M1J 1C2,16181,468
STEELES AVE W and VILLAGE GT,M2R 2S6,10637,223
OLD WESTON RD and KANE AVE,M6N 3B6,21646,656
MORNINGSIDE AVE and SEWELLS RD,M1B,7427,491
ELLESMERE RD and MONDEO DR,M1P 5B6,12264,334
UNIVERSITY AVE and GERRARD ST W,M5G 1X5,22109,1075
ISLINGTON AVE and MONOGRAM PL,M9P 3N1,25653,9081
ST CLAIR AVE W and VIA ITALIA,M6E 1B5,20402,298
STEELES AVE W and IRONDALE DR,M9L 2Y8,7834,2538
STEELES AVE W and ROSSDEAN DR,L4L,17754,194
ROGERS RD and GLENHOLME AVE,M6E 1N6,22747,189
ELLESMERE RD and MORRISH RD,M1C,7779,825
SENTINEL RD and MURRAY ROSS PKWY,M3J 2Z3,6129,268
FINCH AVE W and TANGIERS RD,M3J 3J7,7493,1468
PHARMACY AVE and EGLINTON AVE E,M1L,16447,1532
STEELES AVE E and FIREBRACE RD,L3R 1K9,11958,449
REXDALE BLVD and HUMBERWOOD BLVD,M9W 0B5,28633,350
MARKHAM RD and NASHDENE RD,M1X 1M4,20860,112
BATHURST ST and TICHESTER RD,M5P 3H3,22030,59
WILSON AVE and BELGRAVE AVE,M5M 4N9,17156,1127
DUNDAS ST W and HOWLAND ST,Canada,13556,563
LAWRENCE AVE W and OLYMPIA DR,M6L 3C9,18746,349
DUFFERIN ST and STANSTEAD DR,M3J,18305,578
MOUNT PLEASANT RD and SHERWOOD AVE,M4P 2M5,42055,187
SIGNET DR and GARYRAY DR,M9L,14627,611
KING ST W and SHAW ST,M6K 3N2,6137,69
CASTLEFIELD AVE and RONALD AVE,M6B 1G3,11884,5678
MORNINGSIDE AVE and JOHN STONER DR,M1B,10128,172
SHEPPARD AVE E and KENNETH AVE,M2N 6S2,11748,123
MILLWICK DR and PLUNKETT RD,M9L 2J7,22990,1877
PHARMACY AVE and BEVERLY GLEN BLVD,M1W 1V8,5614,168
BRIMLEY RD and EAGLEDANCE DR,M1V 4J8,11058,169
SHEPPARD AVE E and ATRIUM LANE,M1B,9588,181
WILSON AVE and JULIAN RD,M3M 3C2,6605,282
MORTIMER AVE and LOGAN AVE,M4K 2A1,17209,1265
WARDEN AVE and CIVIC RD,M1L 2L6,7907,621
BRIMLEY RD and HEATHER RD,M1S 3M7,15487,702
WILLOWDALE AVE and BISHOP AVE,M2M 1Z5,13883,72
RENFORTH DR and SILVER DART DR,M9W,12377,154
DOVERCOURT RD and DEWSON ST,M6H 1G8,18493,5
DON MILLS RD and THE DONWAY E,M3C,5859,1005
ADELAIDE ST W and SHEPPARD ST,M5H 1P9,22102,1088
FINCH AVE E and MAXOME AVE,M2N 4R9,8550,6037
VAUGHAN RD and KENWOOD AVE,M6C 2M3,17192,444
DUFFERIN ST and ROWAN AVE,M6E 3S2,5240,921
EGLINTON AVE E and SUTHERLAND DR,M4G 2K7,12966,313
WARDEN AVE and BAMBURGH CRCL,M1W 3X9,18249,827
BAYVIEW AVE and ARMISTICE DR,M4N 1J7,9826,965
KIPLING AVE and BEACONHILL RD,M9V 2K5,26357,378
DUFFERIN ST and AUBURN AVE,M6H 3L5,8342,404
ST CLAIR AVE W and WYCHWOOD AVE,M6C,11907,733
EGLINTON AVE W and RAKELY CRT,M9C 5A5,8350,1380
LAWRENCE AVE W and PIMLICO RD,M6L 1B3,14635,298
WARDEN AVE and SHERWOOD AVE,M1R 2P5,18067,382
NEILSON RD and TAPSCOTT RD,M1B 4Y7,16276,149
KIPLING AVE and ANNABELLE DR,M9V,10803,1289
TRETHEWEY DR and CLEARVIEW HTS,M6M 4B6,10272,1568
KENNEDY RD and KENMARK BLVD,M1K 2C6,8666,783
SHEPPARD AVE W and EASTON RD,M2N 1N5,9785,1317
FINCH AVE W and JAYZEL DR,M9M,15996,612
DANFORTH AVE and BYNG AVE,M1L 1C3,19878,418
SHEPPARD AVE W and GODDARD ST,M3H 2S8,11703,826
SHEPPARD AVE W and KEELE ST,M3M,14838,413
WILSON AVE and ANCASTER RD,M3K 1E2,12853,318
REXDALE BLVD and QUEENS PLATE DR,M9W,14648,306
KINGSTON RD and SCARBOROUGH RD,M4E 1S7,19529,201
KINGSTON RD and ELLESMERE RD,M1C 1L5,11790,2467
KENNEDY RD and TROJAN GT,M1V 1S9,5087,32
STEELES AVE W and SHALE GT,L4K 4N1,16802,399
KEELE ST and MILFORD AVE,M6M 4A1,25173,336
SHEPPARD AVE W and BANTING AVE,M3H 2T7,13698,405
JANE ST and MARSHLYNN AVE,M9N 2S3,19848,1007
BLOOR ST W and GREEN LANES,M8X,17020,1342
AVENUE RD and CARIBOU RD,M5N 2H9,13882,1637
WESTON RD and GARYRAY DR,M9L 1W8,20887,79
O CONNOR DR and CURITY AVE,M4B 2T3,11656,148
ST CLAIR AVE E and PLAXTON DR,M4B 1N4,15499,487
WELLINGTON ST W and BLUE JAYS WAY,M5V 3E4,12213,246
BATHURST ST and LENNOX ST,M5S 1Z5,6090,7101
KENNEDY RD and NORCAP AVE,M1T 3H8,15950,3252
MIDDLEFIELD RD and INGLETON BLVD,M1V,17153,138
SHEPPARD AVE E and IDAGROVE GT,M1B 5Z8,11917,175
ELLESMERE RD and MEADOWVALE RD,M1C 1J1,7182,311
BLOOR ST W and GLENDONWYNNE RD,M6S 1M8,5216,222
LAKE SHORE BLVD W and THIRTEENTH ST,M8V 4E3,11287,4580
STEELES AVE E and PICKERING TOWN LINE,L0H,8594,644
QUEEN ST W and YORK ST,M5H 3K6,12685,0
WARDEN AVE and CANADIAN RD,M1R 2S3,8557,7961
DREWRY AVE and HILDA AVE,M2M 1C8,22133,313
WESTON RD and KING ST,M9N 1K9,9696,923
MEADOWVALE RD and 401 C E MEADOWVALE RD RAMP,Canada,9264,1341
LAWRENCE AVE E and MARKHAM RD,M1H,8454,17
HARBORD ST and MONTROSE AVE,M6G 1H2,20575,1025
GERRARD ST E and MARJORY AVE,M4M 1Z3,8060,1215
WILLIAM R ALLEN RD and DUFFERIN ST,M3H,8796,2347
MCLEVIN AVE and SEWELLS RD,M1B 4B7,26863,199
MIDLAND AVE and PRUDENTIAL DR,M1P,5420,817
PROGRESS AVE and WILLIAM KITCHEN RD,M1P 2Y6,11310,365
KENNEDY RD and ANTRIM CRES,M1P 4P2,13077,438
BRIMLEY RD and CHILLERY AVE,M1J 1M1,30654,770
PARK HOME AVE and BEECROFT RD,M2N 5W4,10557,187
PARK HOME AVE and SENLAC RD,M2N 1W9,13398,1427
LAWRENCE AVE W and APEX RD,M6A 3B6,8577,660
TAPSCOTT RD and WASHBURN WAY,M1B,15450,535
DANFORTH RD and GLENSHEPHARD DR,M1K 4N6,6144,2752
STEELES AVE E and FERRIER ST,L3R 1K9,10651,77
MCCOWAN RD and ALTON TOWERS CRCL,M1V 5A1,27754,227
ST CLAIR AVE W and GLENHOLME AVE,M6E 1A6,11373,850
LAWRENCE AVE E and OVERTURE RD,M1E 2W4,6392,1398
ISLINGTON AVE and SATTERLY RD,M9L 1E8,13299,233
KING ST W and TECUMSETH ST,M5V 2W9,11973,174
BLOOR ST W and INDIAN RD,M6P 1A6,9966,4831
ST CLAIR AVE E and WESTBOURNE AVE,M1L 1V6,12445,1648
MIDLAND AVE and BROADBENT AVE,M1K 4G4,14074,421
O CONNOR DR and DOHME AVE,M4B 1Y8,10201,659
DUPONT ST and HAMMOND PL,M6G 1Y6,13329,476
KENNEDY RD and FORBES RD,M1P,12582,822
YORK MILLS RD and YONGE ST,M2P,19181,887
MILNER AVE and PROGRESS AVE,M1B,14132,872
COLLEGE ST and HURON ST,M5T 1R2,14371,402
BATHURST ST and COCKSFIELD AVE,M3H 3S1,10110,7346
JANE ST and SHOREHAM DR,M3N 1S5,18171,271
NEILSON RD and CROW TRL,M1B,13069,222
KEELE ST and HUMBERSIDE AVE,M6P,9110,506
EGLINTON AVE W and MATHESON BLVD,M9C,10494,708
JANE ST and SAN ROMANOWAY,M3N 2Y2,17831,2
MARKHAM RD and PASSMORE AVE,M1X,15030,1458
JARVIS ST and MAITLAND PL,M4Y 2H3,23372,47
FINCH AVE E and BIRCHMOUNT RD,M1V,14043,3347
STEELES AVE W and MURRAY ROSS PKWY,L4K 3S2,13963,175
PROGRESS AVE and MARKHAM RD,M1G,22814,181
THE QUEENSWAY and GRAND AVE,M8Y 1K1,7913,341
WILSON AVE and RIDLEY BLVD,M5M 4N8,12464,110
MORNINGSIDE AVE and TEFFT RD,M1E 3E7,13738,1092
ORIOLE PKWY and KILBARRY RD,M5P 1K5,9566,268
FINCH AVE E and BRIDLETOWNE CRCL,M1W,18852,467
EGLINTON AVE E and ROSEMOUNT DR,M1K,15402,101
HARBORD ST and SHAW ST,M6G 3L5,19446,763
COXWELL AVE and PLAINS RD,M4J 2R3,7429,1545
QUEEN ST W and SORAUREN AVE,M6R 1A6,9473,1771
KING ST E and SUMACH ST,M5A,7495,1527
LAKE SHORE BLVD W and LOWER SIMCOE ST,M5J,6068,1153
EGLINTON AVE W and OLD FOREST HILL RD,M5N 2N6,7069,1587
BRIMLEY RD and SHEPPARD AVE E,M1S,15671,860
FINCH AVE W and SENTINEL RD,M3J 2T6,11962,13
DORIS AVE and GREENFIELD AVE,M2N 4T2,20537,262
LESLIE ST and ESTHER SHINER BLVD,M2K,10340,2845
PHARMACY AVE and ROSSCOWAN GT,M1W 1K6,27587,271
SHEPPARD AVE E and MURISON BLVD,M1B 1L3,9768,517
YORK ST and BREMNER BLVD,M5J 0B2,8689,106
KENNEDY RD and COWDRAY CRT,M1S 5C8,15023,12237
KEELE ST and WEST TORONTO ST,M6N 3E2,24995,116
ELLESMERE RD and BIRKDALE RD,M1P 2X4,15305,767
KINGSTON RD and PARKCREST DR,M1M,17317,180
SPADINA AVE and SUSSEX AVE,M5S,20101,361
SPADINA AVE and WILLCOCKS ST,M5S,10680,2639
KENNEDY RD and RANSTONE GDNS,M1K 2G3,9628,5235
MCNICOLL AVE and DYNAMIC DR,M1V 2N2,14562,776
STEELES AVE W and GERRY FITZGERALD DR,M3J 3N2,7738,68
ROYAL YORK RD and EDENBRIDGE DR,M9A 3G2,24942,646
BAYVIEW AVE and POST RD,M2L,12434,86
DUFFERIN ST and ASCOT AVE,M6E 3N9,26528,172
AVENUE RD and CARMICHAEL AVE,M5M 4A8,12211,649
AVENUE RD and LYTTON BLVD,M5N 2G5,20973,714
AVENUE RD and HILLHURST BLVD,M5N 2G3,20236,128
ISLINGTON AVE and CENTRAL PARK RDWY,M9A,16685,438
WILLOWDALE AVE and BYNG AVE,M2N 4K9,17848,1330
ALNESS ST and MARTIN ROSS AVE,M3J 2T8,10548,672
ALNESS ST and SUPERTEST RD,M3J 2M2,10105,76
ELLESMERE RD and PRINCIPAL RD,M1R 0B1,9463,57
TAPSCOTT RD and BLACKWELL AVE,M1B 4Y7,20900,269
DUFFERIN ST and GERRY FITZGERALD DR,M3J 3N4,5901,792
NEILSON RD and LIVONIA PL,M1E 4C9,19133,923
LAWRENCE AVE W and RALPH ST,M9N 1H4,9464,274
FINCH AVE E and WINLOCK PK,M2N 4S2,13103,1585
DUNDAS ST W and MONTROSE AVE,M6J 2V5,16397,195
DON MILLS RD and AU LARGE BLVD,Canada,11987,1216
BEECROFT RD and ELMHURST AVE,M2N 1R3,16364,695
LAKE SHORE BLVD W and PARK LAWN RD,M8V,10844,1092
MARTIN GROVE RD and NOTTINGHILL GT,M9B,12520,316
SHEPPARD AVE E and GRAND MARSHALL DR,M1B 5N6,8033,361
MORNINGSIDE AVE and OLD FINCH AVE,M1X,16800,273
SEWELLS RD and BRENYON WAY,M1B 3G5,10386,102
SHEPPARD AVE E and GATEFORTH DR,M1B 4Z6,5498,409
TAPSCOTT RD and NEWGALE GT,M1X 1A4,10368,323
EGLINTON AVE E and LEBOVIC AVE,M1L,10069,98
DUFFERIN ST and SAMOR RD,M6A 3B2,29467,2191
STEELES AVE W and HIGHWAY 27,M9W,17066,974
MCCOWAN RD and KENHATCH BLVD,M1S 4A2,33940,70
WILSON AVE and RIDGE RD,M3M 1H5,14927,177
KIPLING AVE and GENTHORN AVE,M9W 4L2,15549,742
MEADOWVALE RD and ZOO RD,M1B 5S4,8900,253
ELLESMERE RD and DOLLY VARDEN BLVD,M1H 3G1,5654,2155
OVERLEA BLVD and WILLIAM MORGAN DR,M4H,13825,534
DORIS AVE and EMPRESS AVE,M2N 3T5,14252,1060
YONGE ST and SHUTER ST,M5B 2H1,11120,3553
ISLINGTON AVE and WINNIPEG RD,M9P 2E1,5644,3945
WESTON RD and LAWRENCE AVE W,M9N 3P1,13772,37
PARKSIDE DR and INDIAN VALLEY CRES,M6R,8934,256
PARKSIDE DR and SPRING RD,M6R 2Y7,13710,366
ADELAIDE ST W and BRANT ST,M5V 3C1,13178,237
BATHURST ST and ROBINSON ST,Canada,6505,1038
DUNDAS ST W and SCARLETT RD,M6S,9841,2137
LAKE SHORE BLVD E and NORTHERN DANCER BLVD,M4L 6T1,14306,423
BROADVIEW AVE and HILLSIDE DR,M4K 2M2,13170,390
MIDLAND AVE and LOCKIE AVE,M1S 1R7,8093,362
MCNICOLL AVE and EAGLE POINT RD,M1W 2X4,10076,676
MCNICOLL AVE and SILVER SPRINGS BLVD,M1V,9645,121
ROYAL YORK RD and NEWCASTLE ST,M8Y 2R2,10889,91
MCNICOLL AVE and HAROLD EVANS CRES,M2H 2E1,8244,505
SHEPPARD AVE E and REIDMOUNT AVE,M1S 1S6,7365,464
POYNTZ AVE and BEECROFT RD,M2N 1K4,15001,515
BAYVIEW AVE and TUDOR GT,M2L 1N9,6440,74
KINGSTON RD and BRIMLEY RD S,M1M 1M5,22602,30
EGLINTON AVE E and TORRANCE RD,M1J,18318,144
BRIMLEY RD and GOLDEN GATE CRT,M1P 5B4,20519,1102
LAWRENCE AVE E and BRIDGEPORT DR,M1C,17012,247
EASTERN AVE and COXWELL AVE,M4L 1E5,6264,735
STEELES AVE E and VICTORIA PARK AVE,L3R 1G9,7506,112
VICTORIA PARK AVE and STEELES AVE E,L3R 1G9,28023,410
ANNETTE ST and EVELYN AVE,M6P 1R6,12962,105
THE QUEENSWAY and THE WEST MALL,M9C,7466,1004
OVERLEA BLVD and THORNCLIFFE PARK DR,M4H,21270,101
BLOOR ST W and FORESTVIEW RD,M9C 2A2,10759,675
O CONNOR DR and GLENWOOD CRES,M4B 2S4,10736,249
LAWRENCE AVE W and GLEN RUSH BLVD,M5M 1C4,19267,384
LAWRENCE AVE E and EAST AVE,M1C 5G4,14129,527
WARDEN AVE and MACK AVE,M1L 4S5,3522,1394
THE EAST MALL and CANTLE PATH,M9B 6L5,6587,291
COMMISSIONERS ST and DON ROADWAY,M5A,7316,183
COMMISSIONERS ST and CARLAW AVE,M4M 3N7,4750,21
LESLIE ST and COMMISSIONERS ST,M4M 3C1,5309,28
FRONT ST E and GEORGE ST,M5A 4L9,6556,67
VICTORIA PARK AVE and MUSGRAVE ST,M4E 3T6,7485,6045
DUNDAS ST W and MABELLE AVE,M9A 1B8,12033,1076
FINCH AVE W and WOODBINE DOWNS BLVD,M9W,11830,819
BRENTCLIFFE RD and VANDERHOOF AVE,M4G 4B4,10162,624
DANFORTH AVE and THYRA AVE,M4C 1M7,10837,714
KING ST W and SUDBURY ST,M6J 3W6,12898,3440
DUNDAS ST W and ROYAL YORK RD,Canada,10301,1835
KIPLING AVE and LONGFIELD RD,M9B 3E6,18788,456
FINCH AVE W and KIPLING AVE,M9V,11307,313
EASTERN AVE and LARCHMOUNT AVE,M4M 1E6,13132,552
PRINCES BLVD and NUNAVUT RD,M6K 3C3,11098,141
STEELES AVE E and TARBERT RD,L3T 1A8,1485,33
FINCH AVE E and LISZT GT,M2H 1G7,20322,126
THE QUEENSWAY and ISLINGTON AVE,M8Z 1P6,16239,502
DUNDAS ST W and CHELSEA AVE,M6P 1W9,17766,274
QUEEN ST E and SUMACH ST,M5A 1V1,9752,1091
YORK MILLS RD and SCARSDALE RD,M3B,6877,2578
KIPLING AVE and MATTICE AVE,M9B 1T2,19385,675
CALEDONIA RD and RAITHERM RD,M6B 3X9,13922,146
KEELE ST and DOVEHOUSE AVE,M3J 1A1,17328,580
PHARMACY AVE and DOLPHIN DR,M1L 3E9,14554,264
SHERWAY GARDENS RD and GARDINER X W SHERWAY GARDENS RAMP,M9C 1B8,7836,846
EGLINTON AVE E and PRUDHAM GT,M1L 2M6,9713,0
MARTIN GROVE RD and RICHGROVE DR,M9R 0A5,19273,462
WILSON AVE and DUFFERIN ST,M3K,12097,687
DUFFERIN ST and BILLY BISHOP WAY,M3K 1N1,17180,368
ALNESS ST and FLINT RD,M3J 2J1,17472,93
DON MILLS RD and SHEPPARD AVE E,M2J,9916,36
DUNDAS ST W and MANNING AVE,M6J 1V7,19187,656
THE QUEENSWAY and GLENDALE AVE,M6R 1B5,8875,2028
ANNETTE ST and PACIFIC AVE,M6P 1P4,13888,555
SPADINA RD and BURTON RD,M5P 1T7,7493,780
PHARMACY AVE and DEWEY DR,M1R 2J5,7370,282
BATHURST ST and ADELAIDE ST W,M6J 3P1,13103,732
KIPLING AVE and STEVENSON RD,M9V 3A8,11906,2667
ISLINGTON AVE and TITAN RD,M8Z 2L3,19194,1700
MARTIN GROVE RD and PORTERFIELD RD,M9W 7G8,16364,302
BURNHAMTHORPE RD and OLD BURNHAMTHORPE RD,M9C,9656,185
MOUNT PLEASANT RD and GLENGOWAN RD,M4N 1G2,16330,216
DANFORTH AVE and MAIN ST,M4C 1L4,9463,165
KIPLING AVE and GARDINER WB OFF RAMP,M9B,12920,3473
SCARLETT RD and LA ROSE AVE,M9P 2S3,24251,35
THE QUEENSWAY and ALGIE AVE,M8Z 1T3,10826,175
PARLIAMENT ST and MILL ST,M5A 4R2,20221,114
LAWRENCE AVE W and BLOSSOMFIELD DR,M6A 3A5,8833,3658
MIDLAND AVE and BAYLAWN DR,M1S 2L9,15437,568
OAKDALE RD and FINCH AVE W,M3N 1W8,11044,273
MILNER AVE and GRAND MARSHALL DR,M1B 5N8,7394,393
DIXON RD and MCARTHUR ST,M9P 2M1,7500,69
PORT UNION RD and CONFERENCE BLVD,M1C 2L2,15775,710
TAPSCOTT RD and CROW TRL,M1B 2Y8,7603,211
HIGHWAY 27 and ROYALCREST RD,M9V,6725,102
DUNDAS ST E and VICTORIA ST,M5B 2L6,16730,5
KEELE ST and THE POND RD,M3J,8889,10912
WICKSTEED AVE and BRENTCLIFFE RD,M4G 3Y2,10081,203
MARTIN GROVE RD and JEFFCOAT DR,M9W 3C7,8998,277
KING ST W and ATLANTIC AVE,M6K 1X4,10232,137
SHEPPARD AVE E and BARBERRY PL,M2K 1G9,9466,2769
VICTORIA PARK AVE and FARM GREENWAY,M3A,22825,1418
STEELES AVE W and HIDDEN TRL,M2R 3V1,30965,487
QUEEN ST E and BELLEFAIR AVE,M4L 1J1,24345,392
LAKE SHORE BLVD W and FORT YORK BLVD,M5V,10038,3826
FORT YORK BLVD and FLEET ST,M5V,25651,56
BATHURST ST and FORT YORK BLVD,M5V 0C7,7407,517
DUNDAS ST W and CLENDENAN AVE,M6P 1Z8,11653,5808
ALBION RD and CALSTOCK DR,M9V 2N6,11186,1933
O CONNOR DR and FOUR OAKS GT,M4J 2X3,12540,123
O CONNOR DR and TAYLOR DR,M4C 3B4,17289,104
MARKHAM RD and FINCH AVE E,M1B,16176,213
NORTH QUEEN ST and NOVA RD,Canada,21432,84
BLOOR ST W and MONTROSE AVE,M6G 3H2,11001,348
DOVERCOURT RD and HEPBOURNE ST,M6H 2W5,7837,1342
ST CLAIR AVE E and FERNDALE AVE,M4T 1L8,6818,1574
LESLIE ST and MOSLEY ST,M4M 3L4,15672,1551
THE QUEENSWAY and SOUTH KINGSWAY LINK RD,M6S 4Y9,10614,836
KINGSTON RD and GLEN MANOR DR,M4E 3Y1,2452,0
BLOOR ST W and BROCK AVE,M6H 1M9,10763,994
DUNDAS ST W and HOWARD PARK AVE,M6R 1W9,12219,2082
OSSINGTON AVE and ACORES AVE,M6G 3W2,11264,926
OSSINGTON AVE and CHURCHILL AVE,M6J,5284,162
EGLINTON AVE W and SATELLITE DR,L4W,6627,830
THE QUEENSWAY and THE EAST MALL,M8Z,16600,145
COMSTOCK RD and LEBOVIC AVE,M1L 4T7,24831,57
MILNER AVE and MURISON BLVD,M1B 3C3,6961,101
SCARLETT RD and EDINBOROUGH CRT,M6N 4K2,9855,842
LAKE SHORE BLVD W and GARDINER/LAKE SHORE RAMP,Canada,10831,136
YONGE ST and SCRIVENER SQ,M4W 2L9,13928,306
DIXON RD and CHETTA PL,M9R 1R9,15189,1027
HUMBER COLLEGE BLVD and WINDWOOD DR,M9W,14480,568
LAWRENCE AVE E and BAYVIEW AVE,Canada,8980,1157
LAWRENCE AVE E and MILDENHALL RD,M4N 3H4,12944,416
KIPLING AVE and MOUNT OLIVE DR,M9V,13912,243
LAKE SHORE BLVD E and WOODBINE AVE,M4L 2A2,9297,584
BROADVIEW AVE and PRETORIA AVE,M4K 2P7,11567,270
ALBION RD and BENSTROW AVE,M9V 2Z9,8937,3215
STEELES AVE E and STAINES RD,M1X 0B1,14762,427
BLOOR ST W and ST THOMAS ST,M5S 1M4,11447,6
SHEPPARD AVE E and BLUE RIDGE RD,M2K 2W5,10428,2023
HORNER AVE and BETA ST,M8W 2B2,17247,395
MCNICOLL AVE and SILVER STAR BLVD,M1V 0E3,6526,350
MARTIN GROVE RD and MILKWOOD AVE,M9V 4J3,12440,251
ALBION RD and KIPLING AVE,M9V,9988,190
RICHMOND ST E and GEORGE ST,M5A 3S9,12281,898
RICHMOND ST E and BERKELEY ST,M5A 2W8,8880,2605
ADELAIDE ST E and GEORGE ST,M5A 3W8,13355,705
ADELAIDE ST E and BERKELEY ST,M5A 2W5,9398,2697
KING ST E and GEORGE ST,M5A 1J5,8428,560
KING ST E and BERKELEY ST,M5A 1K6,6632,11774
FRONT ST E and PRINCESS ST,M5A 4R7,5522,3714
FRONT ST E and BERKELEY ST,M5A 1G1,10245,2092
QUEEN ST W and PALMERSTON AVE,M6J 1E4,10718,1526
SHAW ST and LOBB AVE,M6J,10538,6170
KINGSTON RD and ELMER AVE,M4L 1T9,3069,486
MOUNT PLEASANT RD and ROEHAMPTON AVE,M4P 2L5,11640,579
GATEWAY BLVD and GRENOBLE DR,M3C,13719,3233
AVENUE RD and 401 C E AVENUE RD RAMP,Canada,5012,2105
DORIS AVE and CHURCH AVE,M2N 0B7,22435,88
STEELES AVE E and 9TH LINE,M1X,10252,3067
STEELES AVE W and SIGNAL HILL AVE,M9W 6V8,11534,4
QUEEN ST W and LANSDOWNE AVE,M6K 1M3,16258,305
FINCH AVE W and BEECROFT RD,M2N 2G8,12715,5387
PROGRESS AVE and SCHICK CRT,M1P 2Z7,15640,1391
KING ST W and SPENCER AVE,M6K 1G8,9468,53
WILLIAM R ALLEN RD and SHEPPARD AVE W,M3K,9259,2198
DUNDAS ST E and ONTARIO ST,M5A 2A6,29471,14
SHEPPARD AVE E and DEAN PARK RD,M1B,6416,2459
BREMNER BLVD and VAN DE WATER CRES,M5V,8809,386
ST CLAIR AVE W and DUNVEGAN RD,M4V,6011,1034
CARLTON ST and ONTARIO ST,M5A 2K7,8398,1071
BRITISH COLUMBIA RD and YUKON PL,M6K 3C3,5057,2058
LAKE SHORE BLVD W and LEGION RD,M8V 0B1,5836,25
BAYVIEW AVE and KILGOUR RD,M4P 2V2,9027,457
BIRCHMOUNT RD and ASHTONBEE RD,M1K,22384,768
WILLIAM R ALLEN RD and RIMROCK RD,M3J 3A6,13113,86
ST GEORGE ST and COLLEGE ST,M5T,23942,326
LAWRENCE AVE W and DUCKWORTH ST,M6L 1C7,4436,7353
PAPE AVE and FLOYD AVE,M4K 3V5,9487,401
ST CLAIR AVE W and TWEEDSMUIR AVE,M5P,8566,2081
MILITARY TRL and MORNINGSIDE AVE,M1C 5J1,11903,1240
LAKE SHORE BLVD W and FIRST ST,M5J,7669,1696
THE QUEENSWAY and HIGH ST,M8Y,7412,642
MCCOWAN RD and LAWRENCE AVE E,M1P,20017,776
THE WESTWAY and WINCOTT DR,M9R 2P9,15900,156
SCARLETT RD and ALMA DR,M9P 1T2,8082,132
HUMBER COLLEGE BLVD and HUMBERLINE DR,M9W,8318,223
ST CLAIR AVE W and SCARLETT RD,M6N 1M2,9641,1295
BIRCHMOUNT RD and NEWLANDS AVE,M1K 1P2,14087,274
CHURCH ST and THE ESPLANADE,M5E 1Y8,7566,896
CHURCH ST and MAITLAND ST,M4Y 2C5,4006,5271
DUNDAS ST W and HUMBER HILL AVE,M6S,8481,8016
ISLINGTON AVE and BERGAMOT AVE,M9W,19085,372
MCCOWAN RD and ELLESMERE RD,M1H,13323,1185
RICHMOND ST W and BRANT ST,M5V 3E7,20670,712
ST CLAIR AVE W and MOULD AVE,M6N 3Z8,5219,773
QUEEN ST E and GLEN MANOR DR,M4E 1J3,13096,834
BLOOR ST E and HUNTLEY ST,M4W,8708,1261
O CONNOR DR and RIVERCOURT BLVD,M4J 2S8,13424,2824
ST CLAIR AVE W and MONDOVI GT,M6N 5C1,7141,212
PROGRESS AVE and BRIMLEY RD,M1P,11724,439
SHEPPARD AVE E and AMETHYST RD,M1T 3K7,21537,775
THE WESTWAY and TREHORNE DR,M9P 1N9,13166,67
MIDLAND AVE and HAVENDALE RD,M1S 1R9,7883,86
STEELES AVE E and REDLEA AVE,M1V 4S5,12449,155
LAKE SHORE BLVD W and PALACE PIER CRT,M8V,18557,1232
CARLTON ST and CHURCH ST,M5B 1J2,6266,100
CHURCH ST and WOOD ST,M4Y 2C2,8517,5760
ALBION RD and STEINWAY BLVD,M9W 6H6,9467,5292
STEELES AVE W and ALNESS ST,L4K 1E8,13276,102
ESTHER SHINER BLVD and PROVOST DR,M2K 1C2,22949,278
GARDINER E PARK LAWN RD RAMP and LEGION RD N,Canada,3003,80
ESTHER SHINER BLVD and OLD LESLIE ST,M2K 0A9,7957,0
THE POND RD and IAN MACDONALD BLVD,M3J,4825,151
MCNICOLL AVE and TAPSCOTT RD,M1X 1C3,5073,2414
MCNICOLL AVE and MORNINGSIDE AVE,M1X,10607,22
MORNINGSIDE AVE and NEILSON DR,M1X 1Z8,8986,9
MORNINGSIDE AVE and FINCH AVE E,M1X,8262,51
WARDEN AVE and FINCH AVE E,M1W,10521,275
PASSMORE AVE and SILVER STAR BLVD,M1V 4S9,10528,438
KENNEDY RD and HAVENDALE RD,M1T 3H3,8111,91
BELLAMY RD N and NELSON ST,M1J 2L6,18702,419
WILLIAM KITCHEN RD and KENNEDY RD,M1P,6586,667
QUEENS PLATE DR and JANDA CRT,M9W 0A4,7184,133
MARTIN GROVE RD and LONGBOURNE DR,M9R 3T5,5874,533
QUEEN ST E and ELMER AVE,M4L 1H7,10896,323
KIPLING AVE and HAYHURST RD,M9R 2G8,9545,1951
BELLAMY RD N and BENLEIGH DR,M1H 1K3,8395,231
VICTORIA PARK AVE and ROWENA DR,M1R 1V1,11700,578
YONGE ST and BISHOP AVE,M2M,18080,945
CALEDONIA RD and BENTWORTH AVE,M6A 1P7,24650,4286
